route,source_file,runtime,declared_max_duration_seconds,vercel_effective_max_duration_seconds,static_risk_flags,initial_target,validation_status
/api/access-code/redeem,app/api/access-code/redeem/route.ts,default,none,300,none,edgeone-candidate,pending-m1
/api/access-code/status,app/api/access-code/status/route.ts,default,none,300,none,edgeone-candidate,pending-m1
/api/access-code/verify,app/api/access-code/verify/route.ts,default,none,300,none,edgeone-candidate,pending-m1
/api/admin/course-analytics,app/api/admin/course-analytics/route.ts,default,none,300,none,edgeone-candidate,pending-m1
/api/admin/courses/[id]/report,app/api/admin/courses/[id]/report/route.ts,default,none,300,none,edgeone-candidate,pending-m1
/api/admin/learning-tasks/[id]/ai-brief,app/api/admin/learning-tasks/[id]/ai-brief/route.ts,default,none,300,none,edgeone-candidate,pending-m1
/api/admin/learning-tasks/[id]/ai-suggestions/[suggestionId]/accept,app/api/admin/learning-tasks/[id]/ai-suggestions/[suggestionId]/accept/route.ts,default,none,300,none,edgeone-candidate,pending-m1
/api/admin/learning-tasks/[id]/archive,app/api/admin/learning-tasks/[id]/archive/route.ts,default,none,300,none,edgeone-candidate,pending-m1
/api/admin/learning-tasks/[id]/courses,app/api/admin/learning-tasks/[id]/courses/route.ts,default,none,300,none,edgeone-candidate,pending-m1
/api/admin/learning-tasks/[id]/learners,app/api/admin/learning-tasks/[id]/learners/route.ts,default,none,300,none,edgeone-candidate,pending-m1
/api/admin/learning-tasks/[id]/publish,app/api/admin/learning-tasks/[id]/publish/route.ts,default,none,300,none,edgeone-candidate,pending-m1
/api/admin/learning-tasks/[id]/report,app/api/admin/learning-tasks/[id]/report/route.ts,default,none,300,none,edgeone-candidate,pending-m1
/api/admin/learning-tasks/[id],app/api/admin/learning-tasks/[id]/route.ts,default,none,300,none,edgeone-candidate,pending-m1
/api/admin/learning-tasks,app/api/admin/learning-tasks/route.ts,default,none,300,none,edgeone-candidate,pending-m1
/api/admin/students/[id]/disable,app/api/admin/students/[id]/disable/route.ts,default,none,300,none,edgeone-candidate,pending-m1
/api/admin/students/[id]/enable,app/api/admin/students/[id]/enable/route.ts,default,none,300,none,edgeone-candidate,pending-m1
/api/admin/students/create,app/api/admin/students/create/route.ts,default,none,300,none,edgeone-candidate,pending-m1
/api/admin/students/reset-password,app/api/admin/students/reset-password/route.ts,default,none,300,none,edgeone-candidate,pending-m1
/api/admin/students,app/api/admin/students/route.ts,default,none,300,none,edgeone-candidate,pending-m1
/api/admin/teachers/create,app/api/admin/teachers/create/route.ts,default,none,300,none,edgeone-candidate,pending-m1
/api/admin/teachers/disable,app/api/admin/teachers/disable/route.ts,default,none,300,none,edgeone-candidate,pending-m1
/api/admin/teachers/enable,app/api/admin/teachers/enable/route.ts,default,none,300,none,edgeone-candidate,pending-m1
/api/admin/teachers/reset-password,app/api/admin/teachers/reset-password/route.ts,default,none,300,none,edgeone-candidate,pending-m1
/api/admin/teaching-dashboard,app/api/admin/teaching-dashboard/route.ts,default,none,300,none,edgeone-candidate,pending-m1
/api/admin/teaching-data,app/api/admin/teaching-data/route.ts,default,none,300,none,edgeone-candidate,pending-m1
/api/admin/teaching-data-chat,app/api/admin/teaching-data-chat/route.ts,default,none,300,none,edgeone-candidate,pending-m1
/api/agent/edit,app/api/agent/edit/route.ts,default,300,300,none,worker-candidate,pending-m1
/api/audio-upload,app/api/audio-upload/route.ts,nodejs,none,300,multipart|binary-body,worker-candidate,pending-m1
/api/azure-voices,app/api/azure-voices/route.ts,default,30,30,none,edgeone-candidate,pending-m1
/api/chat,app/api/chat/route.ts,default,60,60,none,edgeone-candidate,pending-m1
/api/classroom,app/api/classroom/route.ts,default,none,300,none,edgeone-candidate,pending-m1
/api/classroom/snapshot,app/api/classroom/snapshot/route.ts,default,none,300,none,edgeone-candidate,pending-m1
/api/classroom-media/[classroomId]/[...path],app/api/classroom-media/[classroomId]/[...path]/route.ts,default,none,300,native-or-fs,worker-candidate,pending-m1
/api/client-diagnostics,app/api/client-diagnostics/route.ts,default,none,300,none,edgeone-candidate,pending-m1
/api/course-assets/sign-upload,app/api/course-assets/sign-upload/route.ts,nodejs,none,300,none,edgeone-candidate,pending-m1
/api/courses/[id]/assignments,app/api/courses/[id]/assignments/route.ts,default,none,300,none,edgeone-candidate,pending-m1
/api/courses/[id]/revoice,app/api/courses/[id]/revoice/route.ts,nodejs,300,300,after,worker-candidate,pending-m1
/api/courses/[id],app/api/courses/[id]/route.ts,default,none,300,none,edgeone-candidate,pending-m1
/api/courses,app/api/courses/route.ts,nodejs,300,300,none,worker-candidate,pending-m1
/api/cron/course-revoice,app/api/cron/course-revoice/route.ts,nodejs,300,300,none,worker-candidate,pending-m1
/api/extract-document/poll,app/api/extract-document/poll/route.ts,default,none,300,none,edgeone-candidate,pending-m1
/api/extract-document,app/api/extract-document/route.ts,default,none,300,multipart|binary-body,edgeone-review,pending-m1
/api/extract-document/start,app/api/extract-document/start/route.ts,default,none,300,none,edgeone-candidate,pending-m1
/api/generate/agent-profiles,app/api/generate/agent-profiles/route.ts,default,120,120,none,edgeone-review,pending-m1
/api/generate/image,app/api/generate/image/route.ts,default,60,60,none,edgeone-candidate,pending-m1
/api/generate/scene-actions,app/api/generate/scene-actions/route.ts,default,60,60,none,edgeone-candidate,pending-m1
/api/generate/scene-content,app/api/generate/scene-content/route.ts,default,300,300,none,worker-candidate,pending-m1
/api/generate/scene-outlines-stream,app/api/generate/scene-outlines-stream/route.ts,default,300,300,none,worker-candidate,pending-m1
/api/generate/tts,app/api/generate/tts/route.ts,default,30,30,none,edgeone-candidate,pending-m1
/api/generate/video,app/api/generate/video/route.ts,default,300,300,none,worker-candidate,pending-m1
/api/generate/voice,app/api/generate/voice/route.ts,default,30,30,none,edgeone-candidate,pending-m1
/api/generate-classroom/[jobId],app/api/generate-classroom/[jobId]/route.ts,default,none,300,none,edgeone-candidate,pending-m1
/api/generate-classroom,app/api/generate-classroom/route.ts,default,30,30,after,worker-candidate,pending-m1
/api/health,app/api/health/route.ts,default,none,300,none,edgeone-candidate,pending-m1
/api/learn/[token],app/api/learn/[token]/route.ts,default,none,300,none,edgeone-candidate,pending-m1
/api/learning/events,app/api/learning/events/route.ts,default,none,300,none,edgeone-candidate,pending-m1
/api/learning/task-events,app/api/learning/task-events/route.ts,default,none,300,none,edgeone-candidate,pending-m1
/api/learning/verify,app/api/learning/verify/route.ts,default,none,300,none,edgeone-candidate,pending-m1
/api/parse-pdf,app/api/parse-pdf/route.ts,default,none,300,multipart|binary-body,worker-candidate,pending-m1
/api/pbl/chat,app/api/pbl/chat/route.ts,default,none,300,none,edgeone-candidate,pending-m1
/api/pbl/v2/evaluate,app/api/pbl/v2/evaluate/route.ts,default,300,300,none,worker-candidate,pending-m1
/api/pbl/v2/instructor,app/api/pbl/v2/instructor/route.ts,default,300,300,none,worker-candidate,pending-m1
/api/pbl/v2/open-task,app/api/pbl/v2/open-task/route.ts,default,300,300,none,worker-candidate,pending-m1
/api/pbl/v2/simulator,app/api/pbl/v2/simulator/route.ts,default,300,300,none,worker-candidate,pending-m1
/api/pbl/v2/task/update,app/api/pbl/v2/task/update/route.ts,default,60,60,none,edgeone-candidate,pending-m1
/api/provider/probe-models,app/api/provider/probe-models/route.ts,default,none,300,none,edgeone-candidate,pending-m1
/api/proxy-media,app/api/proxy-media/route.ts,default,60,60,none,edgeone-candidate,pending-m1
/api/quiz-grade,app/api/quiz-grade/route.ts,default,none,300,none,edgeone-candidate,pending-m1
/api/runtime/v1/learners/merge,app/api/runtime/v1/learners/merge/route.ts,default,none,300,none,edgeone-candidate,pending-m1
/api/runtime/v1/sessions/[sessionId]/records,app/api/runtime/v1/sessions/[sessionId]/records/route.ts,default,none,300,none,edgeone-candidate,pending-m1
/api/runtime/v1/sessions/[sessionId],app/api/runtime/v1/sessions/[sessionId]/route.ts,default,none,300,none,edgeone-candidate,pending-m1
/api/runtime/v1/sessions/[sessionId]/status,app/api/runtime/v1/sessions/[sessionId]/status/route.ts,default,none,300,none,edgeone-candidate,pending-m1
/api/runtime/v1/sessions,app/api/runtime/v1/sessions/route.ts,default,none,300,none,edgeone-candidate,pending-m1
/api/server-providers,app/api/server-providers/route.ts,default,none,300,none,edgeone-candidate,pending-m1
/api/students,app/api/students/route.ts,default,none,300,none,edgeone-candidate,pending-m1
/api/transcription,app/api/transcription/route.ts,default,60,60,multipart,edgeone-review,pending-m1
/api/usage,app/api/usage/route.ts,default,none,300,none,edgeone-candidate,pending-m1
/api/verify-image-provider,app/api/verify-image-provider/route.ts,default,none,300,none,edgeone-candidate,pending-m1
/api/verify-model,app/api/verify-model/route.ts,default,none,300,none,edgeone-candidate,pending-m1
/api/verify-pdf-provider,app/api/verify-pdf-provider/route.ts,default,none,300,none,edgeone-candidate,pending-m1
/api/verify-video-provider,app/api/verify-video-provider/route.ts,default,none,300,none,edgeone-candidate,pending-m1
/api/web-search,app/api/web-search/route.ts,default,none,300,none,edgeone-candidate,pending-m1
